{"cameraMode":{"drawMode":0,"name":"Shaded","section":"Shading Mode"},"sceneLighting":true,"audioPlay":false,"sceneViewState":{"showFog":true,"showMaterialUpdate":false,"showSkybox":true,"showFlares":true,"showImageEffects":true,"showParticleSystems":true},"in2DMode":false,"pivot":{"x":-5.532454013824463,"y":2.8605735301971437,"z":-0.4939174950122833},"rotation":{"x":0.20105381309986115,"y":-0.5825930833816528,"z":0.15098395943641663,"w":0.7731451988220215},"size":10.0,"orthographic":false}